"path","dir","ensure_hits","ensure_equals_hits","ensure_not_hits","group_hits","object_hits","total_hits"
"docs\bounties\4445\phase4\PHASE4A_REPORT.md","docs\bounties\4445\phase4","0","1","0","0","0","3"
"docs\bounties\4445\phase4\PHASE4C_REPORT.md","docs\bounties\4445\phase4","0","0","0","0","0","1"
"indra\llcharacter\tests\lljoint_test.cpp","indra\llcharacter\tests","25","0","0","1","0","26"
"indra\llcommon\tests\apply_test.cpp","indra\llcommon\tests","8","23","0","1","0","32"
"indra\llcommon\tests\bitpack_test.cpp","indra\llcommon\tests","8","0","0","1","0","9"
"indra\llcommon\tests\classic_callback_test.cpp","indra\llcommon\tests","0","7","0","1","0","8"
"indra\llcommon\tests\commonmisc_test.cpp","indra\llcommon\tests","11","97","0","4","0","112"
"indra\llcommon\tests\lazyeventapi_test.cpp","indra\llcommon\tests","2","7","0","1","0","10"
"indra\llcommon\tests\llallocator_heap_profile_test.cpp","indra\llcommon\tests","2","17","0","1","0","20"
"indra\llcommon\tests\llallocator_test.cpp","indra\llcommon\tests","2","0","0","1","0","3"
"indra\llcommon\tests\llbase64_test.cpp","indra\llcommon\tests","4","0","0","1","0","5"
"indra\llcommon\tests\llcond_test.cpp","indra\llcommon\tests","2","3","0","1","0","6"
"indra\llcommon\tests\lldate_test.cpp","indra\llcommon\tests","0","29","0","1","8","38"
"indra\llcommon\tests\lldeadmantimer_test.cpp","indra\llcommon\tests","0","58","0","1","0","59"
"indra\llcommon\tests\lldependencies_test.cpp","indra\llcommon\tests","6","32","0","1","0","39"
"indra\llcommon\tests\llerror_test.cpp","indra\llcommon\tests","4","13","0","1","0","18"
"indra\llcommon\tests\lleventcoro_test.cpp","indra\llcommon\tests","5","7","0","1","0","13"
"indra\llcommon\tests\lleventdispatcher_test.cpp","indra\llcommon\tests","20","50","0","1","0","71"
"indra\llcommon\tests\lleventfilter_test.cpp","indra\llcommon\tests","0","14","0","1","0","15"
"indra\llcommon\tests\llexception_test.cpp","indra\llcommon\tests","1","0","0","1","0","2"
"indra\llcommon\tests\llframetimer_test.cpp","indra\llcommon\tests","1","0","0","1","0","2"
"indra\llcommon\tests\llheteromap_test.cpp","indra\llcommon\tests","0","6","0","1","0","7"
"indra\llcommon\tests\llinstancetracker_test.cpp","indra\llcommon\tests","11","22","0","1","0","34"
"indra\llcommon\tests\lllazy_test.cpp","indra\llcommon\tests","0","6","0","1","0","7"
"indra\llcommon\tests\llleap_test.cpp","indra\llcommon\tests","10","0","0","1","0","11"
"indra\llcommon\tests\llmainthreadtask_test.cpp","indra\llcommon\tests","8","0","0","1","0","9"
"indra\llcommon\tests\llmemtype_test.cpp","indra\llcommon\tests","3","8","0","1","0","12"
"indra\llcommon\tests\llpounceable_test.cpp","indra\llcommon\tests","21","13","0","1","0","35"
"indra\llcommon\tests\llprocess_test.cpp","indra\llcommon\tests","61","53","0","1","0","115"
"indra\llcommon\tests\llprocessor_test.cpp","indra\llcommon\tests","1","0","0","1","0","2"
"indra\llcommon\tests\llprocinfo_test.cpp","indra\llcommon\tests","0","2","0","1","0","3"
"indra\llcommon\tests\llrand_test.cpp","indra\llcommon\tests","2","0","0","1","0","3"
"indra\llcommon\tests\llsdserialize_test.cpp","indra\llcommon\tests","8","17","0","7","0","32"
"indra\llcommon\tests\llsingleton_test.cpp","indra\llcommon\tests","10","10","0","1","0","21"
"indra\llcommon\tests\llstreamqueue_test.cpp","indra\llcommon\tests","2","41","0","1","0","44"
"indra\llcommon\tests\llstring_test.cpp","indra\llcommon\tests","103","56","0","1","0","160"
"indra\llcommon\tests\lltrace_test.cpp","indra\llcommon\tests","6","0","0","1","0","7"
"indra\llcommon\tests\lltreeiterators_test.cpp","indra\llcommon\tests","20","9","0","1","0","30"
"indra\llcommon\tests\llunits_test.cpp","indra\llcommon\tests","93","0","0","1","0","94"
"indra\llcommon\tests\lluri_test.cpp","indra\llcommon\tests","2","66","0","1","0","69"
"indra\llcommon\tests\stringize_test.cpp","indra\llcommon\tests","0","21","0","1","0","22"
"indra\llcommon\tests\StringVec.h","indra\llcommon\tests","0","1","0","0","0","1"
"indra\llcommon\tests\threadsafeschedule_test.cpp","indra\llcommon\tests","5","3","0","1","0","9"
"indra\llcommon\tests\tuple_test.cpp","indra\llcommon\tests","0","3","0","1","0","4"
"indra\llcommon\tests\workqueue_test.cpp","indra\llcommon\tests","9","7","1","1","0","18"
"indra\llcorehttp\tests\llcorehttp_test.cpp","indra\llcorehttp\tests","1","0","0","0","0","1"
"indra\llcorehttp\tests\test_bufferarray.hpp","indra\llcorehttp\tests","80","0","0","1","0","81"
"indra\llcorehttp\tests\test_bufferstream.hpp","indra\llcorehttp\tests","30","0","0","1","0","31"
"indra\llcorehttp\tests\test_httpheaders.hpp","indra\llcorehttp\tests","49","0","0","1","0","50"
"indra\llcorehttp\tests\test_httpoperation.hpp","indra\llcorehttp\tests","2","0","0","1","0","3"
"indra\llcorehttp\tests\test_httprequest.hpp","indra\llcorehttp\tests","171","0","0","1","0","172"
"indra\llcorehttp\tests\test_httprequestqueue.hpp","indra\llcorehttp\tests","6","0","0","1","0","7"
"indra\llcorehttp\tests\test_httpstatus.hpp","indra\llcorehttp\tests","45","1","0","1","0","47"
"indra\llcorehttp\tests\test_refcounted.hpp","indra\llcorehttp\tests","6","0","0","1","0","7"
"indra\llfilesystem\tests\lldir_test.cpp","indra\llfilesystem\tests","9","70","0","1","0","80"
"indra\llfilesystem\tests\lldiriterator_test.cpp","indra\llfilesystem\tests","0","0","0","1","0","1"
"indra\llimage\tests\llimageworker_test.cpp","indra\llimage\tests","3","0","0","1","0","4"
"indra\llinventory\tests\inventorymisc_test.cpp","indra\llinventory\tests","8","96","0","1","0","105"
"indra\llinventory\tests\llparcel_test.cpp","indra\llinventory\tests","3","3","0","1","0","7"
"indra\llkdu\tests\llimagej2ckdu_test.cpp","indra\llkdu\tests","3","0","0","1","0","4"
"indra\llmath\tests\alignment_test.cpp","indra\llmath\tests","8","0","0","1","4","13"
"indra\llmath\tests\llbbox_test.cpp","indra\llmath\tests","14","54","0","1","0","69"
"indra\llmath\tests\llbboxlocal_test.cpp","indra\llmath\tests","0","36","0","1","0","37"
"indra\llmath\tests\llmodularmath_test.cpp","indra\llmath\tests","0","3","0","1","0","4"
"indra\llmath\tests\llquaternion_test.cpp","indra\llmath\tests","58","3","0","1","23","85"
"indra\llmath\tests\llrect_test.cpp","indra\llmath\tests","38","101","0","1","0","140"
"indra\llmath\tests\m3math_test.cpp","indra\llmath\tests","16","0","0","1","14","31"
"indra\llmath\tests\mathmisc_test.cpp","indra\llmath\tests","49","6","0","5","0","60"
"indra\llmath\tests\v2math_test.cpp","indra\llmath\tests","53","4","0","1","0","58"
"indra\llmath\tests\v3color_test.cpp","indra\llmath\tests","39","5","0","1","0","45"
"indra\llmath\tests\v3dmath_test.cpp","indra\llmath\tests","45","5","0","1","0","51"
"indra\llmath\tests\v3math_test.cpp","indra\llmath\tests","67","8","0","1","0","76"
"indra\llmath\tests\v4color_test.cpp","indra\llmath\tests","48","8","0","1","0","57"
"indra\llmath\tests\v4coloru_test.cpp","indra\llmath\tests","22","23","0","1","0","46"
"indra\llmath\tests\v4math_test.cpp","indra\llmath\tests","48","10","0","1","0","59"
"indra\llmath\tests\xform_test.cpp","indra\llmath\tests","48","0","0","1","8","57"
"indra\llmessage\tests\llareslistener_test.cpp","indra\llmessage\tests","0","2","0","1","0","3"
"indra\llmessage\tests\llavatarnamecache_test.cpp","indra\llmessage\tests","13","4","0","1","0","18"
"indra\llmessage\tests\llcoproceduremanager_test.cpp","indra\llmessage\tests","0","2","0","1","0","3"
"indra\llmessage\tests\llhost_test.cpp","indra\llmessage\tests","35","0","0","1","0","36"
"indra\llmessage\tests\llhttpclient_test.cpp","indra\llmessage\tests","4","4","0","1","0","9"
"indra\llmessage\tests\llnamevalue_test.cpp","indra\llmessage\tests","122","8","0","1","0","131"
"indra\llmessage\tests\llpartdata_test.cpp","indra\llmessage\tests","5","0","0","1","2","8"
"indra\llmessage\tests\lltemplatemessagedispatcher_test.cpp","indra\llmessage\tests","5","0","0","1","0","6"
"indra\llmessage\tests\lltrustedmessageservice_test.cpp","indra\llmessage\tests","2","2","0","1","0","5"
"indra\llmessage\tests\llxfer_file_test.cpp","indra\llmessage\tests","1","0","0","1","0","2"
"indra\llprimitive\tests\llgltfmaterial_test.cpp","indra\llprimitive\tests","9","14","0","1","0","24"
"indra\llprimitive\tests\llmediaentry_test.cpp","indra\llprimitive\tests","19","0","0","1","0","20"
"indra\llprimitive\tests\llprimitive_test.cpp","indra\llprimitive\tests","19","10","0","1","0","30"
"indra\llui\tests\llurlentry_test.cpp","indra\llui\tests","0","3","0","1","0","4"
"indra\llui\tests\llurlmatch_test.cpp","indra\llui\tests","6","18","0","1","0","25"
"indra\llxml\tests\llcontrol_test.cpp","indra\llxml\tests","7","2","0","1","0","10"
"indra\newview\tests\cppfeatures_test.cpp","indra\newview\tests","19","0","0","1","12","32"
"indra\newview\tests\llagentaccess_test.cpp","indra\newview\tests","59","4","0","1","0","64"
"indra\newview\tests\lldateutil_test.cpp","indra\newview\tests","0","17","0","1","0","18"
"indra\newview\tests\llhttpretrypolicy_test.cpp","indra\newview\tests","35","1","0","1","0","37"
"indra\newview\tests\lllogininstance_test.cpp","indra\newview\tests","9","12","0","1","0","22"
"indra\newview\tests\llmediadataclient_test.cpp","indra\newview\tests","200","0","0","1","0","201"
"indra\newview\tests\llremoteparcelrequest_test.cpp","indra\newview\tests","1","0","0","1","0","2"
"indra\newview\tests\llsecapi_test.cpp","indra\newview\tests","6","0","0","1","0","7"
"indra\newview\tests\llsechandler_basic_test.cpp","indra\newview\tests","86","71","0","1","10","174"
"indra\newview\tests\llslurl_test.cpp","indra\newview\tests","0","65","0","1","0","66"
"indra\newview\tests\lltextureinfo_test.cpp","indra\newview\tests","2","15","0","1","0","18"
"indra\newview\tests\lltextureinfodetails_test.cpp","indra\newview\tests","1","0","0","1","0","2"
"indra\newview\tests\lltexturestatsuploader_test.cpp","indra\newview\tests","1","3","0","1","0","5"
"indra\newview\tests\llversioninfo_test.cpp","indra\newview\tests","0","10","0","1","0","11"
"indra\newview\tests\llviewerassetstats_test.cpp","indra\newview\tests","62","9","0","1","0","72"
"indra\newview\tests\llviewercontrollistener_test.cpp","indra\newview\tests","5","8","0","1","0","14"
"indra\newview\tests\llviewerhelputil_test.cpp","indra\newview\tests","0","9","0","1","0","10"
"indra\newview\tests\llviewernetwork_test.cpp","indra\newview\tests","8","63","0","1","0","72"
"indra\newview\tests\llvocache_test.cpp","indra\newview\tests","1","3","0","2","0","6"
"indra\newview\tests\llwlparammanager_test.cpp","indra\newview\tests","1","5","0","1","0","7"
"indra\newview\tests\llworldmap_test.cpp","indra\newview\tests","56","0","0","3","0","59"
"indra\newview\tests\llworldmipmap_test.cpp","indra\newview\tests","6","0","0","1","0","7"
"indra\newview\tests\llxmlrpclistener_test.cpp","indra\newview\tests","3","3","0","1","0","7"
"indra\test\catch_and_store_what_in.h","indra\test","2","1","0","0","0","3"
"indra\test\io.cpp","indra\test","43","68","0","12","15","138"
"indra\test\ll_doctest_helpers_test.cpp","indra\test","0","0","0","0","0","1"
"indra\test\llapp_tut.cpp","indra\test","7","7","0","1","0","15"
"indra\test\llassetuploadqueue_tut.cpp","indra\test","11","0","0","1","0","12"
"indra\test\llblowfish_tut.cpp","indra\test","6","0","0","1","0","7"
"indra\test\llbuffer_tut.cpp","indra\test","18","9","0","1","0","28"
"indra\test\lldatapacker_tut.cpp","indra\test","24","41","0","1","15","81"
"indra\test\lldoubledispatch_tut.cpp","indra\test","0","15","0","1","0","16"
"indra\test\llevents_tut.cpp","indra\test","31","16","0","1","0","48"
"indra\test\llhttpdate_tut.cpp","indra\test","3","1","0","1","0","5"
"indra\test\llhttpnode_tut.cpp","indra\test","7","21","0","1","0","29"
"indra\test\lliohttpserver_tut.cpp","indra\test","1","2","0","1","0","4"
"indra\test\llmessageconfig_tut.cpp","indra\test","0","20","0","1","0","21"
"indra\test\llmessagetemplateparser_tut.cpp","indra\test","15","59","0","1","0","75"
"indra\test\llpermissions_tut.cpp","indra\test","40","30","0","1","0","71"
"indra\test\llsaleinfo_tut.cpp","indra\test","24","12","0","1","0","37"
"indra\test\llsd_new_tut.cpp","indra\test","31","51","0","1","0","83"
"indra\test\llsdmessagebuilder_tut.cpp","indra\test","9","36","0","1","0","46"
"indra\test\llsdmessagereader_tut.cpp","indra\test","0","22","0","1","0","23"
"indra\test\llsdutil_tut.cpp","indra\test","20","27","0","1","0","48"
"indra\test\llservicebuilder_tut.cpp","indra\test","0","8","0","1","0","9"
"indra\test\llstreamtools_tut.cpp","indra\test","25","71","0","1","0","97"
"indra\test\lltemplatemessagebuilder_tut.cpp","indra\test","0","50","0","1","0","51"
"indra\test\lltimestampcache_tut.cpp","indra\test","2","23","0","1","0","26"
"indra\test\lltranscode_tut.cpp","indra\test","0","5","0","1","0","6"
"indra\test\lltut.cpp","indra\test","0","22","0","0","0","22"
"indra\test\lltut.h","indra\test","0","4","0","0","0","7"
"indra\test\lluserrelations_tut.cpp","indra\test","18","0","0","1","0","19"
"indra\test\llxorcipher_tut.cpp","indra\test","5","0","0","1","0","6"
"indra\test\message_tut.cpp","indra\test","0","3","0","1","0","4"
"indra\test\prim_linkability_tut.cpp","indra\test","6","25","0","1","0","32"
"indra\test\test.cpp","indra\test","0","0","0","4","0","4"
"indra\test\tut_compat_doctest.h","indra\test","6","5","5","0","0","39"
"indra\viewer_components\login\tests\lllogin_test.cpp","indra\viewer_components\login\tests","0","4","0","1","0","5"
"tools\bounties\4445\phase4\gen_tut_to_doctest.py","tools\bounties\4445\phase4","2","0","0","2","0","35"
